{
    "sum": 463.168151447662,
    "avr": 0.5146312793862912,
    "sumMD": 13.662583518930955,
    "avrMD": 0.45541945063103184,
    "sumSD": 17.028953229398663,
    "avrSD": 0.5676317743132888,
    "max": 1.0,
    "min": 0.0
}