avgAge,maxAge,minAge,stdevAge
5.431299329542561,55.0,-7.0,3.909524796635003
