{
    "sum": 505925,
    "avr": 562.1388888888889,
    "sumMD": 15269,
    "avrMD": 508.96666666666664,
    "sumSD": 18292,
    "avrSD": 609.7333333333333,
    "max": 998,
    "min": 100
}